{
    "List": [
        [
            { "x": -353.571411, "y": 31.4285736 },
            { "x": -353.555603, "y": 65.1111679 },
            { "x": -63.0000610, "y": 66.7778244 },
            { "x": -60.9523926, "y": 31.6666641 }
        ]
    ]
}